-- Inserts generados automáticamente por el Data Pipeline
-- Fecha: 2025-06-03 20:18:43

USE MP_DATA;

-- Insertar datos en DIM_PAIS
INSERT INTO DIM_PAIS (ID_PAIS, NOMBRE, CODIGO_FIFA) VALUES (6, 'Argentina', 'ARG');
INSERT INTO DIM_PAIS (ID_PAIS, NOMBRE, CODIGO_FIFA) VALUES (7, 'Chile', 'CHI');
INSERT INTO DIM_PAIS (ID_PAIS, NOMBRE, CODIGO_FIFA) VALUES (8, 'Ecuador', 'ECU');
INSERT INTO DIM_PAIS (ID_PAIS, NOMBRE, CODIGO_FIFA) VALUES (9, 'Colombia', 'COL');
INSERT INTO DIM_PAIS (ID_PAIS, NOMBRE, CODIGO_FIFA) VALUES (10, 'Paraguay', 'PAR');

-- Insertar datos en DIM_POSICION
INSERT INTO DIM_POSICION (ID_POSICION, NOMBRE, DESCRIPCION) VALUES (9, 'MF', 'Mediocampista');
INSERT INTO DIM_POSICION (ID_POSICION, NOMBRE, DESCRIPCION) VALUES (10, 'CM', 'Mediocampista Central');
INSERT INTO DIM_POSICION (ID_POSICION, NOMBRE, DESCRIPCION) VALUES (11, 'FW', 'Delantero / Forward');
INSERT INTO DIM_POSICION (ID_POSICION, NOMBRE, DESCRIPCION) VALUES (12, 'GK', 'Portero / Guardameta');
INSERT INTO DIM_POSICION (ID_POSICION, NOMBRE, DESCRIPCION) VALUES (13, 'DF', 'Defensa');
INSERT INTO DIM_POSICION (ID_POSICION, NOMBRE, DESCRIPCION) VALUES (14, 'FB', 'Lateral / Fullback');
INSERT INTO DIM_POSICION (ID_POSICION, NOMBRE, DESCRIPCION) VALUES (15, 'CB', 'Defensa Central');
INSERT INTO DIM_POSICION (ID_POSICION, NOMBRE, DESCRIPCION) VALUES (16, 'AM', 'Mediocampista Ofensivo / Attacking Midfielder');

-- Insertar datos en DIM_EQUIPO
INSERT INTO DIM_EQUIPO (ID_EQUIPO, NOMBRE, APODO, CIUDAD, FECHA_FUNDACION) VALUES (2, 'O''Higgins FC', 'Los Celestes', 'Rancagua', NULL);

-- Insertar datos en DIM_TORNEO
INSERT INTO DIM_TORNEO (ID_TORNEO, NOMBRE, TEMPORADA, TIPO_TORNEO) VALUES (2, 'Primera División Chile', '2024-2025', 'Liga Doméstica');

-- Insertar datos en DIM_JUGADOR
INSERT INTO DIM_JUGADOR (ID_JUGADOR, NOMBRE, APODO, FECHA_NACIMIENTO, PLAYER_ID_FBR, ALTURA_CM, PESO_KG, PIE_DOMINANTE, CIUDAD_NACIMIENTO, SALARIO) VALUES (29, 'Matías Lugo', NULL, '2001-05-10', '76c44dcd', '', '', '', '', '');
INSERT INTO DIM_JUGADOR (ID_JUGADOR, NOMBRE, APODO, FECHA_NACIMIENTO, PLAYER_ID_FBR, ALTURA_CM, PESO_KG, PIE_DOMINANTE, CIUDAD_NACIMIENTO, SALARIO) VALUES (30, 'Juan Leiva', NULL, '1993-11-11', 'a246f365', '181.0', '69.0', '', 'Chillán', '');
INSERT INTO DIM_JUGADOR (ID_JUGADOR, NOMBRE, APODO, FECHA_NACIMIENTO, PLAYER_ID_FBR, ALTURA_CM, PESO_KG, PIE_DOMINANTE, CIUDAD_NACIMIENTO, SALARIO) VALUES (31, 'Rodrigo Godoy', NULL, '2005-09-07', '31987733', '', '', '', '', '');
INSERT INTO DIM_JUGADOR (ID_JUGADOR, NOMBRE, APODO, FECHA_NACIMIENTO, PLAYER_ID_FBR, ALTURA_CM, PESO_KG, PIE_DOMINANTE, CIUDAD_NACIMIENTO, SALARIO) VALUES (32, 'Omar Carabalí', NULL, '1997-06-12', 'ddae1696', '186.0', '', '', 'Guayaquil', '');
INSERT INTO DIM_JUGADOR (ID_JUGADOR, NOMBRE, APODO, FECHA_NACIMIENTO, PLAYER_ID_FBR, ALTURA_CM, PESO_KG, PIE_DOMINANTE, CIUDAD_NACIMIENTO, SALARIO) VALUES (33, 'Luis Pavez Muñoz', NULL, '1995-09-17', '0ca56107', '175.0', '67.0', 'Left', 'Santiago', '');
INSERT INTO DIM_JUGADOR (ID_JUGADOR, NOMBRE, APODO, FECHA_NACIMIENTO, PLAYER_ID_FBR, ALTURA_CM, PESO_KG, PIE_DOMINANTE, CIUDAD_NACIMIENTO, SALARIO) VALUES (34, 'Alan Robledo', NULL, '1998-02-17', '9ad1a13c', '', '', '', '', '');
INSERT INTO DIM_JUGADOR (ID_JUGADOR, NOMBRE, APODO, FECHA_NACIMIENTO, PLAYER_ID_FBR, ALTURA_CM, PESO_KG, PIE_DOMINANTE, CIUDAD_NACIMIENTO, SALARIO) VALUES (35, 'Moisés González', NULL, '2000-11-22', '765fc2c7', '179.0', '', 'Right', '', '');
INSERT INTO DIM_JUGADOR (ID_JUGADOR, NOMBRE, APODO, FECHA_NACIMIENTO, PLAYER_ID_FBR, ALTURA_CM, PESO_KG, PIE_DOMINANTE, CIUDAD_NACIMIENTO, SALARIO) VALUES (36, 'Bryan Rabello', NULL, '1994-05-16', 'ad052490', '168.0', '64.0', '', 'Rancagua', '');
INSERT INTO DIM_JUGADOR (ID_JUGADOR, NOMBRE, APODO, FECHA_NACIMIENTO, PLAYER_ID_FBR, ALTURA_CM, PESO_KG, PIE_DOMINANTE, CIUDAD_NACIMIENTO, SALARIO) VALUES (37, 'Felipe Faúndez', NULL, '2006-03-27', '6c535d18', '', '', '', '', '');
INSERT INTO DIM_JUGADOR (ID_JUGADOR, NOMBRE, APODO, FECHA_NACIMIENTO, PLAYER_ID_FBR, ALTURA_CM, PESO_KG, PIE_DOMINANTE, CIUDAD_NACIMIENTO, SALARIO) VALUES (38, 'Joaquín Montecinos', NULL, '1995-12-07', '9ec27e7f', '172.0', '79.0', 'Right', 'Barranquilla', '');
INSERT INTO DIM_JUGADOR (ID_JUGADOR, NOMBRE, APODO, FECHA_NACIMIENTO, PLAYER_ID_FBR, ALTURA_CM, PESO_KG, PIE_DOMINANTE, CIUDAD_NACIMIENTO, SALARIO) VALUES (39, 'Esteban Calderón', NULL, '2004-02-13', 'b437f315', '', '', '', '', '');
INSERT INTO DIM_JUGADOR (ID_JUGADOR, NOMBRE, APODO, FECHA_NACIMIENTO, PLAYER_ID_FBR, ALTURA_CM, PESO_KG, PIE_DOMINANTE, CIUDAD_NACIMIENTO, SALARIO) VALUES (40, 'Juan Ignacio Díaz', NULL, '1998-05-26', 'baa6308e', '', '', '', '', '');
INSERT INTO DIM_JUGADOR (ID_JUGADOR, NOMBRE, APODO, FECHA_NACIMIENTO, PLAYER_ID_FBR, ALTURA_CM, PESO_KG, PIE_DOMINANTE, CIUDAD_NACIMIENTO, SALARIO) VALUES (41, 'Nicolás Garrido', NULL, '2002-08-27', '3e315f27', '', '', '', '', '');
INSERT INTO DIM_JUGADOR (ID_JUGADOR, NOMBRE, APODO, FECHA_NACIMIENTO, PLAYER_ID_FBR, ALTURA_CM, PESO_KG, PIE_DOMINANTE, CIUDAD_NACIMIENTO, SALARIO) VALUES (42, 'Arnaldo Castillo', NULL, '1997-05-09', 'a423f339', '186.0', '78.0', '', '', '');
INSERT INTO DIM_JUGADOR (ID_JUGADOR, NOMBRE, APODO, FECHA_NACIMIENTO, PLAYER_ID_FBR, ALTURA_CM, PESO_KG, PIE_DOMINANTE, CIUDAD_NACIMIENTO, SALARIO) VALUES (43, 'Yorman Zapata', NULL, '2000-09-01', '2d6a53ad', '', '', '', '', '');
INSERT INTO DIM_JUGADOR (ID_JUGADOR, NOMBRE, APODO, FECHA_NACIMIENTO, PLAYER_ID_FBR, ALTURA_CM, PESO_KG, PIE_DOMINANTE, CIUDAD_NACIMIENTO, SALARIO) VALUES (44, 'Leandro Benegas', NULL, '1988-11-27', '38610318', '179.0', '86.0', '', 'Mendoza', '');
INSERT INTO DIM_JUGADOR (ID_JUGADOR, NOMBRE, APODO, FECHA_NACIMIENTO, PLAYER_ID_FBR, ALTURA_CM, PESO_KG, PIE_DOMINANTE, CIUDAD_NACIMIENTO, SALARIO) VALUES (45, 'Martín Sarrafiore', NULL, '1997-07-20', '55f096b1', '', '', '', 'Buenos Aires', '');
INSERT INTO DIM_JUGADOR (ID_JUGADOR, NOMBRE, APODO, FECHA_NACIMIENTO, PLAYER_ID_FBR, ALTURA_CM, PESO_KG, PIE_DOMINANTE, CIUDAD_NACIMIENTO, SALARIO) VALUES (46, 'Martín Espinoza', NULL, NULL, '0cb6ee30', '', '', '', '', '');
INSERT INTO DIM_JUGADOR (ID_JUGADOR, NOMBRE, APODO, FECHA_NACIMIENTO, PLAYER_ID_FBR, ALTURA_CM, PESO_KG, PIE_DOMINANTE, CIUDAD_NACIMIENTO, SALARIO) VALUES (47, 'Jorge Deschamps', NULL, '1984-05-13', '00e6b5cc', '184.0', '', 'Right', 'Parral', '');
INSERT INTO DIM_JUGADOR (ID_JUGADOR, NOMBRE, APODO, FECHA_NACIMIENTO, PLAYER_ID_FBR, ALTURA_CM, PESO_KG, PIE_DOMINANTE, CIUDAD_NACIMIENTO, SALARIO) VALUES (48, 'Cristian Morales', NULL, '2006-11-02', '52a253d3', '', '', '', '', '');
INSERT INTO DIM_JUGADOR (ID_JUGADOR, NOMBRE, APODO, FECHA_NACIMIENTO, PLAYER_ID_FBR, ALTURA_CM, PESO_KG, PIE_DOMINANTE, CIUDAD_NACIMIENTO, SALARIO) VALUES (49, 'Gabriel Pinto', NULL, '2005-02-25', '307901c9', '', '', '', '', '');
INSERT INTO DIM_JUGADOR (ID_JUGADOR, NOMBRE, APODO, FECHA_NACIMIENTO, PLAYER_ID_FBR, ALTURA_CM, PESO_KG, PIE_DOMINANTE, CIUDAD_NACIMIENTO, SALARIO) VALUES (50, 'Felipe Ogaz', NULL, '2003-05-07', '27c9b858', '', '', '', '', '');
INSERT INTO DIM_JUGADOR (ID_JUGADOR, NOMBRE, APODO, FECHA_NACIMIENTO, PLAYER_ID_FBR, ALTURA_CM, PESO_KG, PIE_DOMINANTE, CIUDAD_NACIMIENTO, SALARIO) VALUES (51, 'Joaquín Tapia', NULL, '2004-12-24', 'a9d74210', '', '', '', '', '');
INSERT INTO DIM_JUGADOR (ID_JUGADOR, NOMBRE, APODO, FECHA_NACIMIENTO, PLAYER_ID_FBR, ALTURA_CM, PESO_KG, PIE_DOMINANTE, CIUDAD_NACIMIENTO, SALARIO) VALUES (52, 'Claudio Pavez', NULL, '2005-05-10', 'e2743623', '', '', '', '', '');
INSERT INTO DIM_JUGADOR (ID_JUGADOR, NOMBRE, APODO, FECHA_NACIMIENTO, PLAYER_ID_FBR, ALTURA_CM, PESO_KG, PIE_DOMINANTE, CIUDAD_NACIMIENTO, SALARIO) VALUES (53, 'Benjamín Molina', NULL, '2006-01-06', '202e156c', '178.0', '68.0', 'Left', '', '');
INSERT INTO DIM_JUGADOR (ID_JUGADOR, NOMBRE, APODO, FECHA_NACIMIENTO, PLAYER_ID_FBR, ALTURA_CM, PESO_KG, PIE_DOMINANTE, CIUDAD_NACIMIENTO, SALARIO) VALUES (54, 'Ronald Guzmán', NULL, '2001-12-21', '5ff323a7', '', '', '', '', '');
INSERT INTO DIM_JUGADOR (ID_JUGADOR, NOMBRE, APODO, FECHA_NACIMIENTO, PLAYER_ID_FBR, ALTURA_CM, PESO_KG, PIE_DOMINANTE, CIUDAD_NACIMIENTO, SALARIO) VALUES (55, 'José Movillo', NULL, '2007-02-04', 'bb7a8dd8', '185.0', '78.0', 'Right', '', '');
INSERT INTO DIM_JUGADOR (ID_JUGADOR, NOMBRE, APODO, FECHA_NACIMIENTO, PLAYER_ID_FBR, ALTURA_CM, PESO_KG, PIE_DOMINANTE, CIUDAD_NACIMIENTO, SALARIO) VALUES (56, 'Martín Quezada', NULL, '1998-06-26', '1e10e655', '', '', '', '', '');

-- Insertar datos en DIM_JUGADOR_PAIS
INSERT INTO DIM_JUGADOR_PAIS (ID_JUGADOR, ID_PAIS) VALUES (29, 6);
INSERT INTO DIM_JUGADOR_PAIS (ID_JUGADOR, ID_PAIS) VALUES (30, 7);
INSERT INTO DIM_JUGADOR_PAIS (ID_JUGADOR, ID_PAIS) VALUES (31, 7);
INSERT INTO DIM_JUGADOR_PAIS (ID_JUGADOR, ID_PAIS) VALUES (32, 8);
INSERT INTO DIM_JUGADOR_PAIS (ID_JUGADOR, ID_PAIS) VALUES (33, 7);
INSERT INTO DIM_JUGADOR_PAIS (ID_JUGADOR, ID_PAIS) VALUES (34, 6);
INSERT INTO DIM_JUGADOR_PAIS (ID_JUGADOR, ID_PAIS) VALUES (35, 7);
INSERT INTO DIM_JUGADOR_PAIS (ID_JUGADOR, ID_PAIS) VALUES (36, 7);
INSERT INTO DIM_JUGADOR_PAIS (ID_JUGADOR, ID_PAIS) VALUES (37, 7);
INSERT INTO DIM_JUGADOR_PAIS (ID_JUGADOR, ID_PAIS) VALUES (38, 9);
INSERT INTO DIM_JUGADOR_PAIS (ID_JUGADOR, ID_PAIS) VALUES (39, 7);
INSERT INTO DIM_JUGADOR_PAIS (ID_JUGADOR, ID_PAIS) VALUES (40, 6);
INSERT INTO DIM_JUGADOR_PAIS (ID_JUGADOR, ID_PAIS) VALUES (41, 7);
INSERT INTO DIM_JUGADOR_PAIS (ID_JUGADOR, ID_PAIS) VALUES (42, 10);
INSERT INTO DIM_JUGADOR_PAIS (ID_JUGADOR, ID_PAIS) VALUES (43, 9);
INSERT INTO DIM_JUGADOR_PAIS (ID_JUGADOR, ID_PAIS) VALUES (44, 6);
INSERT INTO DIM_JUGADOR_PAIS (ID_JUGADOR, ID_PAIS) VALUES (45, 6);
INSERT INTO DIM_JUGADOR_PAIS (ID_JUGADOR, ID_PAIS) VALUES (47, 7);
INSERT INTO DIM_JUGADOR_PAIS (ID_JUGADOR, ID_PAIS) VALUES (48, 7);
INSERT INTO DIM_JUGADOR_PAIS (ID_JUGADOR, ID_PAIS) VALUES (49, 7);
INSERT INTO DIM_JUGADOR_PAIS (ID_JUGADOR, ID_PAIS) VALUES (50, 7);
INSERT INTO DIM_JUGADOR_PAIS (ID_JUGADOR, ID_PAIS) VALUES (51, 7);
INSERT INTO DIM_JUGADOR_PAIS (ID_JUGADOR, ID_PAIS) VALUES (52, 7);
INSERT INTO DIM_JUGADOR_PAIS (ID_JUGADOR, ID_PAIS) VALUES (53, 7);
INSERT INTO DIM_JUGADOR_PAIS (ID_JUGADOR, ID_PAIS) VALUES (54, 7);
INSERT INTO DIM_JUGADOR_PAIS (ID_JUGADOR, ID_PAIS) VALUES (55, 7);
INSERT INTO DIM_JUGADOR_PAIS (ID_JUGADOR, ID_PAIS) VALUES (56, 7);

-- Insertar datos en DIM_JUGADOR_POSICION
INSERT INTO DIM_JUGADOR_POSICION (ID_JUGADOR, ID_POSICION, ES_POSICION_PRINCIPAL) VALUES (29, 9, 1);
INSERT INTO DIM_JUGADOR_POSICION (ID_JUGADOR, ID_POSICION, ES_POSICION_PRINCIPAL) VALUES (30, 9, 1);
INSERT INTO DIM_JUGADOR_POSICION (ID_JUGADOR, ID_POSICION, ES_POSICION_PRINCIPAL) VALUES (30, 10, 0);
INSERT INTO DIM_JUGADOR_POSICION (ID_JUGADOR, ID_POSICION, ES_POSICION_PRINCIPAL) VALUES (31, 11, 1);
INSERT INTO DIM_JUGADOR_POSICION (ID_JUGADOR, ID_POSICION, ES_POSICION_PRINCIPAL) VALUES (32, 12, 1);
INSERT INTO DIM_JUGADOR_POSICION (ID_JUGADOR, ID_POSICION, ES_POSICION_PRINCIPAL) VALUES (33, 13, 1);
INSERT INTO DIM_JUGADOR_POSICION (ID_JUGADOR, ID_POSICION, ES_POSICION_PRINCIPAL) VALUES (33, 14, 0);
INSERT INTO DIM_JUGADOR_POSICION (ID_JUGADOR, ID_POSICION, ES_POSICION_PRINCIPAL) VALUES (34, 13, 1);
INSERT INTO DIM_JUGADOR_POSICION (ID_JUGADOR, ID_POSICION, ES_POSICION_PRINCIPAL) VALUES (34, 15, 0);
INSERT INTO DIM_JUGADOR_POSICION (ID_JUGADOR, ID_POSICION, ES_POSICION_PRINCIPAL) VALUES (35, 13, 1);
INSERT INTO DIM_JUGADOR_POSICION (ID_JUGADOR, ID_POSICION, ES_POSICION_PRINCIPAL) VALUES (36, 11, 1);
INSERT INTO DIM_JUGADOR_POSICION (ID_JUGADOR, ID_POSICION, ES_POSICION_PRINCIPAL) VALUES (36, 9, 0);
INSERT INTO DIM_JUGADOR_POSICION (ID_JUGADOR, ID_POSICION, ES_POSICION_PRINCIPAL) VALUES (36, 16, 0);
INSERT INTO DIM_JUGADOR_POSICION (ID_JUGADOR, ID_POSICION, ES_POSICION_PRINCIPAL) VALUES (37, 13, 1);
INSERT INTO DIM_JUGADOR_POSICION (ID_JUGADOR, ID_POSICION, ES_POSICION_PRINCIPAL) VALUES (38, 11, 1);
INSERT INTO DIM_JUGADOR_POSICION (ID_JUGADOR, ID_POSICION, ES_POSICION_PRINCIPAL) VALUES (38, 9, 0);
INSERT INTO DIM_JUGADOR_POSICION (ID_JUGADOR, ID_POSICION, ES_POSICION_PRINCIPAL) VALUES (39, 11, 1);
INSERT INTO DIM_JUGADOR_POSICION (ID_JUGADOR, ID_POSICION, ES_POSICION_PRINCIPAL) VALUES (40, 13, 1);
INSERT INTO DIM_JUGADOR_POSICION (ID_JUGADOR, ID_POSICION, ES_POSICION_PRINCIPAL) VALUES (40, 15, 0);
INSERT INTO DIM_JUGADOR_POSICION (ID_JUGADOR, ID_POSICION, ES_POSICION_PRINCIPAL) VALUES (41, 13, 1);
INSERT INTO DIM_JUGADOR_POSICION (ID_JUGADOR, ID_POSICION, ES_POSICION_PRINCIPAL) VALUES (42, 11, 1);
INSERT INTO DIM_JUGADOR_POSICION (ID_JUGADOR, ID_POSICION, ES_POSICION_PRINCIPAL) VALUES (43, 11, 1);
INSERT INTO DIM_JUGADOR_POSICION (ID_JUGADOR, ID_POSICION, ES_POSICION_PRINCIPAL) VALUES (44, 11, 1);
INSERT INTO DIM_JUGADOR_POSICION (ID_JUGADOR, ID_POSICION, ES_POSICION_PRINCIPAL) VALUES (45, 9, 1);
INSERT INTO DIM_JUGADOR_POSICION (ID_JUGADOR, ID_POSICION, ES_POSICION_PRINCIPAL) VALUES (46, 9, 1);
INSERT INTO DIM_JUGADOR_POSICION (ID_JUGADOR, ID_POSICION, ES_POSICION_PRINCIPAL) VALUES (47, 12, 1);
INSERT INTO DIM_JUGADOR_POSICION (ID_JUGADOR, ID_POSICION, ES_POSICION_PRINCIPAL) VALUES (48, 13, 1);
INSERT INTO DIM_JUGADOR_POSICION (ID_JUGADOR, ID_POSICION, ES_POSICION_PRINCIPAL) VALUES (49, 9, 1);
INSERT INTO DIM_JUGADOR_POSICION (ID_JUGADOR, ID_POSICION, ES_POSICION_PRINCIPAL) VALUES (50, 9, 1);
INSERT INTO DIM_JUGADOR_POSICION (ID_JUGADOR, ID_POSICION, ES_POSICION_PRINCIPAL) VALUES (51, 11, 1);
INSERT INTO DIM_JUGADOR_POSICION (ID_JUGADOR, ID_POSICION, ES_POSICION_PRINCIPAL) VALUES (52, 9, 1);
INSERT INTO DIM_JUGADOR_POSICION (ID_JUGADOR, ID_POSICION, ES_POSICION_PRINCIPAL) VALUES (53, 13, 1);
INSERT INTO DIM_JUGADOR_POSICION (ID_JUGADOR, ID_POSICION, ES_POSICION_PRINCIPAL) VALUES (54, 13, 1);
INSERT INTO DIM_JUGADOR_POSICION (ID_JUGADOR, ID_POSICION, ES_POSICION_PRINCIPAL) VALUES (55, 13, 1);
INSERT INTO DIM_JUGADOR_POSICION (ID_JUGADOR, ID_POSICION, ES_POSICION_PRINCIPAL) VALUES (56, 12, 1);

-- Insertar datos en DIM_TORNEO_JUGADOR
INSERT INTO DIM_TORNEO_JUGADOR (ID_TORNEO_JUGADOR, ID_JUGADOR, ID_EQUIPO, ID_TORNEO) VALUES (29, 29, 2, 2);
INSERT INTO DIM_TORNEO_JUGADOR (ID_TORNEO_JUGADOR, ID_JUGADOR, ID_EQUIPO, ID_TORNEO) VALUES (30, 30, 2, 2);
INSERT INTO DIM_TORNEO_JUGADOR (ID_TORNEO_JUGADOR, ID_JUGADOR, ID_EQUIPO, ID_TORNEO) VALUES (31, 31, 2, 2);
INSERT INTO DIM_TORNEO_JUGADOR (ID_TORNEO_JUGADOR, ID_JUGADOR, ID_EQUIPO, ID_TORNEO) VALUES (32, 32, 2, 2);
INSERT INTO DIM_TORNEO_JUGADOR (ID_TORNEO_JUGADOR, ID_JUGADOR, ID_EQUIPO, ID_TORNEO) VALUES (33, 33, 2, 2);
INSERT INTO DIM_TORNEO_JUGADOR (ID_TORNEO_JUGADOR, ID_JUGADOR, ID_EQUIPO, ID_TORNEO) VALUES (34, 34, 2, 2);
INSERT INTO DIM_TORNEO_JUGADOR (ID_TORNEO_JUGADOR, ID_JUGADOR, ID_EQUIPO, ID_TORNEO) VALUES (35, 35, 2, 2);
INSERT INTO DIM_TORNEO_JUGADOR (ID_TORNEO_JUGADOR, ID_JUGADOR, ID_EQUIPO, ID_TORNEO) VALUES (36, 36, 2, 2);
INSERT INTO DIM_TORNEO_JUGADOR (ID_TORNEO_JUGADOR, ID_JUGADOR, ID_EQUIPO, ID_TORNEO) VALUES (37, 37, 2, 2);
INSERT INTO DIM_TORNEO_JUGADOR (ID_TORNEO_JUGADOR, ID_JUGADOR, ID_EQUIPO, ID_TORNEO) VALUES (38, 38, 2, 2);
INSERT INTO DIM_TORNEO_JUGADOR (ID_TORNEO_JUGADOR, ID_JUGADOR, ID_EQUIPO, ID_TORNEO) VALUES (39, 39, 2, 2);
INSERT INTO DIM_TORNEO_JUGADOR (ID_TORNEO_JUGADOR, ID_JUGADOR, ID_EQUIPO, ID_TORNEO) VALUES (40, 40, 2, 2);
INSERT INTO DIM_TORNEO_JUGADOR (ID_TORNEO_JUGADOR, ID_JUGADOR, ID_EQUIPO, ID_TORNEO) VALUES (41, 41, 2, 2);
INSERT INTO DIM_TORNEO_JUGADOR (ID_TORNEO_JUGADOR, ID_JUGADOR, ID_EQUIPO, ID_TORNEO) VALUES (42, 42, 2, 2);
INSERT INTO DIM_TORNEO_JUGADOR (ID_TORNEO_JUGADOR, ID_JUGADOR, ID_EQUIPO, ID_TORNEO) VALUES (43, 43, 2, 2);
INSERT INTO DIM_TORNEO_JUGADOR (ID_TORNEO_JUGADOR, ID_JUGADOR, ID_EQUIPO, ID_TORNEO) VALUES (44, 44, 2, 2);
INSERT INTO DIM_TORNEO_JUGADOR (ID_TORNEO_JUGADOR, ID_JUGADOR, ID_EQUIPO, ID_TORNEO) VALUES (45, 45, 2, 2);
INSERT INTO DIM_TORNEO_JUGADOR (ID_TORNEO_JUGADOR, ID_JUGADOR, ID_EQUIPO, ID_TORNEO) VALUES (46, 46, 2, 2);
INSERT INTO DIM_TORNEO_JUGADOR (ID_TORNEO_JUGADOR, ID_JUGADOR, ID_EQUIPO, ID_TORNEO) VALUES (47, 47, 2, 2);
INSERT INTO DIM_TORNEO_JUGADOR (ID_TORNEO_JUGADOR, ID_JUGADOR, ID_EQUIPO, ID_TORNEO) VALUES (48, 48, 2, 2);
INSERT INTO DIM_TORNEO_JUGADOR (ID_TORNEO_JUGADOR, ID_JUGADOR, ID_EQUIPO, ID_TORNEO) VALUES (49, 49, 2, 2);
INSERT INTO DIM_TORNEO_JUGADOR (ID_TORNEO_JUGADOR, ID_JUGADOR, ID_EQUIPO, ID_TORNEO) VALUES (50, 50, 2, 2);
INSERT INTO DIM_TORNEO_JUGADOR (ID_TORNEO_JUGADOR, ID_JUGADOR, ID_EQUIPO, ID_TORNEO) VALUES (51, 51, 2, 2);
INSERT INTO DIM_TORNEO_JUGADOR (ID_TORNEO_JUGADOR, ID_JUGADOR, ID_EQUIPO, ID_TORNEO) VALUES (52, 52, 2, 2);
INSERT INTO DIM_TORNEO_JUGADOR (ID_TORNEO_JUGADOR, ID_JUGADOR, ID_EQUIPO, ID_TORNEO) VALUES (53, 53, 2, 2);
INSERT INTO DIM_TORNEO_JUGADOR (ID_TORNEO_JUGADOR, ID_JUGADOR, ID_EQUIPO, ID_TORNEO) VALUES (54, 54, 2, 2);
INSERT INTO DIM_TORNEO_JUGADOR (ID_TORNEO_JUGADOR, ID_JUGADOR, ID_EQUIPO, ID_TORNEO) VALUES (55, 55, 2, 2);
INSERT INTO DIM_TORNEO_JUGADOR (ID_TORNEO_JUGADOR, ID_JUGADOR, ID_EQUIPO, ID_TORNEO) VALUES (56, 56, 2, 2);

-- Fin de los inserts
